#NAME,case1_after,case1_before,case2_after,case2_before,case3_after,case3_before,case4_after,case4_before,case5_after,case5_before,case6_after,case6_before,case7_after,case7_before,case8_after,case8_before,case9_after,case11_after,case11_before,case12_after,case12_before,case13_after,case13_before,case14_after,case14_before,case15_after,case15_before,donor_1,donor_2,donor_3,donor_4,donor_5,donor_6
"M00001  Glycolysis (Embden-Meyerhof pathway), glucose => pyruvate",29984,3655,29145,24386,55716,21273,47511,21535,64036,74993,16948,51291,51277,35466,49571,22305,275701,20361,17900,53071,17791,62949,65707,83104,56817,58637,19879,44941,4113,8317,25204,50786,56219
"M00002  Glycolysis, core module involving three-carbon compounds",18714,2318,19950,16768,38571,14712,32884,14936,45255,53608,11174,34570,35245,23522,33729,14901,179547,14272,11955,37247,11941,42213,42778,57390,38847,40688,13315,31467,2743,5325,17507,35240,38751
"M00003  Gluconeogenesis, oxaloacetate => fructose-6P",28726,2620,26846,21411,50046,20289,44779,21031,52680,62385,15464,45358,46542,30787,44126,19830,239176,19065,16597,48789,17313,54032,60468,74899,49997,56438,18948,41519,3474,7020,23486,47759,53977
M00004  Pentose phosphate pathway (Pentose phosphate cycle),13207,2913,15071,12522,20187,7307,15060,6767,31594,36562,7465,25151,22273,19273,22707,10446,153539,6936,6760,20484,7909,29072,25106,27662,24004,18709,8668,13557,1807,3909,8434,17194,19055
"M00005  PRPP biosynthesis, ribose 5P => PRPP",1802,398,1957,2596,2803,1204,2580,1522,6755,7996,565,4117,3317,4010,4023,1715,27095,1337,1266,3354,804,5411,3665,3642,4198,3284,827,1921,268,631,985,2240,1407
"M00006  Pentose phosphate pathway, oxidative phase, glucose 6P => ribulose 5P",4777,801,4231,2980,1782,549,683,444,9988,11672,796,7588,3815,6776,6564,2832,40417,995,1523,1264,1608,4100,4938,725,4826,1040,1523,391,323,876,228,629,806
"M00007  Pentose phosphate pathway, non-oxidative phase, fructose 6P => ribose 5P",5499,1383,7416,6265,11306,4081,8440,3448,13061,15011,4617,11912,11731,8470,9938,5379,75742,3762,3077,12872,4168,16463,12802,17022,12184,10193,4931,7594,942,1963,4979,10087,11580
"M00008  Entner-Doudoroff pathway, glucose-6P => glyceraldehyde-3P + pyruvate",2483,515,2660,1879,1622,542,754,381,5746,6730,1060,4020,2653,3577,3791,1935,27292,642,814,1377,984,3609,2943,1392,2797,1065,1161,516,256,578,515,1158,1049
"M00009  Citrate cycle (TCA cycle, Krebs cycle)",20914,3746,18580,11058,19672,8191,18719,8831,27173,32115,9434,14846,19038,13549,22105,14986,193839,8295,8386,20996,10178,30163,31391,26324,25261,24024,9777,15077,2805,6392,9268,18400,19285
"M00010  Citrate cycle, first carbon oxidation, oxaloacetate => 2-oxoglutarate",6325,1169,6464,5285,11486,4413,9073,4330,10305,12013,4676,7675,12110,4001,7692,4357,85956,3457,3245,13065,4703,16833,13982,17155,12402,13582,4889,9702,1121,2513,5956,11884,12981
"M00011  Citrate cycle, second carbon oxidation, 2-oxoglutarate => oxaloacetate",14589,2577,12116,5773,8186,3778,9646,4501,16868,20102,4758,7171,6928,9548,14413,10629,107883,4838,5141,7931,5475,13330,17409,9169,12859,10442,4888,5375,1684,3879,3312,6516,6304
M00012  Glyoxylate cycle,6717,1251,7286,4476,8358,3296,6592,3052,9726,11299,4539,5610,8953,3707,6570,4980,86663,2773,2779,9979,4311,15080,11840,11710,10282,9677,4366,6530,994,2284,4143,8148,9299
"M00013  Malonate semialdehyde pathway, propanoyl-CoA => acetyl-CoA",485,203,341,330,1208,423,1067,371,597,688,365,1488,920,2597,449,339,1865,321,156,892,473,734,1177,1457,988,972,158,828,202,315,514,1016,985
M00014  Glucuronate pathway (uronate pathway),3889,371,6040,3410,5864,2536,5123,2794,5981,7211,2225,9342,5846,3747,7204,2989,52441,2381,2830,7503,2315,8227,11035,9800,6324,8497,4163,5806,420,1201,3228,6436,6510
"M00015  Proline biosynthesis, glutamate => proline",5489,654,4505,4181,10139,3411,6539,2881,10033,11977,2777,8008,8897,5906,7665,4049,52719,3079,3008,9942,3242,12025,11328,14697,9082,11099,3325,7840,614,1559,4557,9628,9655
"M00016  Lysine biosynthesis, succinyl-DAP pathway, aspartate => lysine",12510,2103,15950,10967,23339,8804,17666,8763,28627,33124,8253,22175,22013,14171,17997,10396,141493,8488,6762,23768,8174,29463,25440,33502,24444,24526,8694,18517,1671,3946,10557,21522,23542
"M00017  Methionine biosynthesis, apartate => homoserine => methionine",12043,1315,13028,8478,18221,7049,13647,7660,21912,25077,7437,13750,17477,8771,15192,9747,135859,6340,6176,17716,7036,27265,22834,28577,19942,22242,7343,16750,1146,2826,9403,18789,18259
"M00018  Threonine biosynthesis, aspartate => homoserine => threonine",5507,1156,8335,5346,12398,4622,9403,4437,15943,17642,5103,10505,12062,5369,10582,5755,78227,4364,3395,13722,4336,17975,13167,18993,13817,12396,4912,9820,910,2156,5456,10735,12500
"M00019  Valine/isoleucine biosynthesis, pyruvate => valine / 2-oxobutanoate => isoleucine",9882,971,13411,10737,25759,8511,16154,7605,21520,24860,8698,22926,23958,9768,15441,9828,146625,8712,6918,27067,8694,32068,26277,37805,23823,26921,9175,19722,1459,2782,12308,24105,25839
"M00020  Serine biosynthesis, glycerate-3P => serine",3565,551,3251,3174,6865,2615,5993,2781,5248,6165,2055,4644,6617,2833,4661,2225,42430,2588,2202,6958,2180,9364,7902,9142,7319,7179,2291,5249,509,1127,2960,6066,6218
"M00021  Cysteine biosynthesis, serine => cysteine",5296,410,4714,3706,10517,3399,7426,3272,8138,9471,3001,8300,8565,5774,6980,3713,41121,3575,2921,9428,3217,10554,10418,14528,9015,11241,3201,9162,640,1209,5097,9885,11248
"M00022  Shikimate pathway, phosphoenolpyruvate + erythrose-4P => chorismate",10077,1255,11142,9084,20905,7201,14661,7076,14750,16881,6505,17986,18660,11968,11579,8017,115909,7042,5679,20432,6479,24949,22682,27538,20069,20377,6911,15772,1440,2992,8648,18111,19525
"M00023  Tryptophan biosynthesis, chorismate => tryptophan",11324,786,9959,5824,19133,6419,12627,6049,11974,13701,5648,14372,18049,7017,13313,6529,94191,5827,5920,13277,6721,18369,22293,29614,18204,20260,7980,16744,939,2278,7812,16857,18469
"M00024  Phenylalanine biosynthesis, chorismate => phenylalanine",637,161,1427,863,2150,671,1451,579,1949,2254,994,1978,1679,1091,596,1020,10241,562,379,2294,678,2652,1511,3257,2047,1610,752,1273,131,190,702,1437,1922
"M00025  Tyrosine biosynthesis, chorismate => tyrosine",612,201,1589,956,2217,728,1494,577,2021,2306,1078,2548,1985,1453,730,1046,10517,678,386,2383,781,2830,1632,3651,2041,1630,834,1420,142,236,789,1522,2211
"M00026  Histidine biosynthesis, PRPP => histidine",13739,1431,12699,9666,25580,8956,19211,8807,17979,20714,7794,18014,24196,9491,17914,9952,131164,9317,7812,28292,9068,29092,29769,42134,24866,32096,8778,22011,1667,4230,13110,27141,28852
M00027  GABA (gamma-Aminobutyrate) shunt,1780,264,1818,637,638,386,296,124,1981,2395,604,2631,551,929,1948,1123,12897,384,607,400,692,1688,1907,322,1486,472,916,175,100,322,74,273,429
"M00028  Ornithine biosynthesis, glutamate => ornithine",5110,843,7346,5686,16805,5471,11247,4350,11183,12697,4923,10472,15077,4353,8763,3796,75759,5045,3612,15949,4548,18903,15413,21760,13133,15734,4691,13648,939,1893,7260,14696,16259
M00029  Urea cycle,4202,1249,7911,7160,17587,6043,12096,4797,16656,20223,5115,13121,15496,6017,9578,4618,75645,5559,3938,19171,4703,21130,17019,24440,15040,17337,5243,13653,1170,2575,7588,15239,17735
"M00030  Lysine biosynthesis, AAA pathway, 2-oxoglutarate => 2-aminoadipate => lysine",79,20,49,32,90,44,88,57,78,76,21,53,62,59,43,29,432,55,33,137,54,82,111,173,129,153,38,77,15,42,49,112,78
"M00031  Lysine biosynthesis, mediated by LysW, 2-aminoadipate => lysine",3,2,17,27,37,22,45,14,44,49,8,14,65,18,16,18,434,28,6,99,4,97,75,40,40,45,2,34,7,5,15,36,22
"M00032  Lysine degradation, lysine => saccharopine => acetoacetyl-CoA",3071,880,3547,1882,2490,869,1984,760,6453,7804,1519,3304,1774,3910,3233,2558,26654,803,975,2009,1757,3875,3291,1653,3738,1138,1324,953,658,1080,432,939,1189
"M00033  Ectoine biosynthesis, aspartate => ectoine",2920,517,3768,2657,6523,2533,5109,2430,7790,8815,2155,5917,5962,3348,5037,2742,34471,2254,1778,6596,2108,8084,6664,9396,6559,6329,2370,5671,467,1079,2751,5536,6045
M00034  Methionine salvage pathway,5426,656,7217,5059,13147,4703,10366,4428,12759,15344,4940,11448,11281,6820,8067,5217,55728,4295,2981,13511,3881,13855,10682,19828,10407,12498,4529,9199,911,1369,5541,11152,13563
M00035  Methionine degradation,6488,512,5233,4353,11548,4308,9617,3954,9954,12079,3648,8505,10434,5959,8971,4379,56934,4197,3313,10815,3101,11716,11365,14771,9370,11655,4324,7922,837,1403,4768,9674,11089
"M00036  Leucine degradation, leucine => acetoacetate + acetyl-CoA",3350,904,3808,2899,5528,1893,4445,1936,6891,8389,1534,6414,4597,5569,5349,2473,28180,1964,1770,4984,2262,6542,6332,6533,6229,4660,1864,3649,739,1337,1908,3746,4340
"M00037  Melatonin biosynthesis, tryptophan => serotonin => melatonin",1,9,0,1,1,0,1,0,1,2,0,0,1,3,0,6,1,0,0,2,0,1,0,0,0,1,0,15,4,4,3,2,0
"M00038  Tryptophan metabolism, tryptophan => kynurenine => 2-aminomuconate",0,34,8,70,91,36,22,1,25,26,3,86,42,25,6,1,21,18,18,20,0,10,22,59,57,65,25,24,24,28,26,22,40
"M00039  Monolignol biosynthesis, phenylalanine/tyrosine => monolignol",217,24,248,104,235,88,333,89,247,307,84,92,137,125,295,138,1906,106,115,106,108,299,379,267,363,235,168,194,24,72,98,204,277
"M00040  Tyrosine biosynthesis, prephanate => pretyrosine => tyrosine",342,59,355,91,87,39,84,51,327,376,161,43,69,110,127,278,2621,29,51,78,124,329,195,142,164,143,161,63,9,23,56,86,76
"M00042  Catecholamine biosynthesis, tyrosine => dopamine => noradrenaline => adrenaline",0,21,0,1,0,0,0,0,0,0,0,1,0,4,0,0,0,0,0,2,0,1,0,0,0,0,0,0,3,4,0,0,0
"M00043  Thyroid hormone biosynthesis, tyrosine => triiodothyronine/thyroxine",0,0,0,0,0,0,0,0,0,0,0,0,0,0,1,0,0,0,0,1,0,0,0,0,0,0,0,1,3,2,0,0,0
"M00044  Tyrosine degradation, tyrosine => homogentisate",2,40,3,23,37,23,29,8,79,69,27,23,35,24,6,1,101,17,11,40,1,46,26,60,30,49,7,28,22,46,8,36,19
"M00045  Histidine degradation, histidine => N-formiminoglutamate => glutamate",7663,597,2584,1304,3946,1363,6012,2561,2927,3473,804,1197,1910,2715,2800,3340,20974,1697,2548,988,1739,3331,8833,1450,4616,1105,1662,537,624,1264,240,451,2430
"M00046  Pyrimidine degradation, uracil => beta-alanine, thymine => 3-aminoisobutanoate",163,32,833,610,983,373,719,288,3602,4361,562,723,964,725,489,464,11429,388,392,773,452,1437,1699,1012,935,754,864,576,78,122,411,662,782
M00047  Creatine pathway,0,25,1,9,9,4,1,1,10,11,4,70,12,37,1,0,30,3,1,5,0,0,2,1,7,1,19,1,8,18,5,2,6
"M00048  Inosine monophosphate biosynthesis, PRPP + glutamine => IMP",19056,3613,22104,18209,37360,13335,31190,14848,44140,52485,10673,35872,32475,26647,28892,15696,199095,14644,11703,37322,11887,47041,40819,53063,39046,39122,12442,28758,2468,6108,17016,35185,34764
"M00049  Adenine ribonucleotide biosynthesis, IMP => ADP,ATP",9362,1527,10380,9421,21268,7882,17825,8276,26464,30769,5834,18864,18532,13098,18694,8124,97221,7573,6407,21109,6101,25168,21949,29033,21514,22041,6347,16506,1479,2910,9638,19786,20736
"M00050  Guanine ribonucleotide biosynthesis IMP => GDP,GTP",12352,1745,12590,10731,23384,8894,19473,9419,27872,32879,6988,23918,22769,18582,21876,9729,118729,8413,7578,22445,7388,27415,26877,33885,25101,24516,8222,18591,1758,3865,10505,21474,23248
"M00051  Uridine monophosphate biosynthesis, glutamine (+ PRPP) => UMP",16748,3197,21490,18960,42347,15427,33490,15326,49700,59986,11947,39917,39750,25148,36382,15099,186811,15361,11801,42781,12442,50265,45217,68114,41892,46235,13085,35094,2575,5728,20236,41851,43137
"M00052  Pyrimidine ribonucleotide biosynthesis, UMP => UDP/UTP,CDP/CTP",5232,882,5650,4823,11111,4266,10736,5039,13648,16767,2957,9849,9959,7340,9752,4474,48491,4053,3578,11616,3458,12670,11900,16855,11652,12123,3450,9199,843,1722,5156,10912,11103
"M00053  Pyrimidine deoxyribonuleotide biosynthesis, CDP/CTP => dCDP/dCTP,dTDP/dTTP",7489,2058,8660,7844,9164,3439,10064,4881,25998,30199,3733,14650,11000,12231,13488,7621,105511,4136,3684,10077,3499,19769,14733,14361,17438,7322,5564,5731,951,2472,2838,5994,6958
M00055  N-glycan precursor biosynthesis,4,46,35,22,26,25,55,24,68,51,9,36,59,30,50,2,212,32,26,22,10,82,105,174,78,29,4,55,22,60,12,47,97
"M00056  O-glycan biosynthesis, mucin type core",0,45,0,0,0,0,2,2,0,3,0,0,1,13,1,0,1,0,0,7,0,1,0,0,0,0,0,4,20,79,1,0,6
"M00057  Glycosaminoglycan biosynthesis, linkage tetrasaccharide",0,9,0,0,0,0,0,0,0,0,0,0,0,0,0,0,1,0,0,0,0,0,0,0,0,0,0,1,1,8,0,0,3
"M00058  Glycosaminoglycan biosynthesis, chondroitin sulfate backbone",0,7,0,0,0,0,0,0,0,0,0,1,1,5,2,0,0,0,0,2,0,0,1,0,0,0,0,4,1,7,0,1,0
"M00059  Glycosaminoglycan biosynthesis, heparan sulfate backbone",0,19,2,1,0,0,0,0,0,0,0,6,1,2,0,1,0,0,0,2,0,1,0,0,0,1,0,0,13,4,0,1,0
"M00060  KDO2-lipid A biosynthesis, Raetz pathway, LpxL-LpxM type",7307,216,4150,1154,2182,1797,4227,3077,3402,4159,1665,725,1070,2446,4954,4655,37839,1257,2399,2530,2178,3782,7656,5084,3827,7048,2007,2733,147,503,2002,3860,2710
"M00061  D-Glucuronate degradation, D-glucuronate => pyruvate + D-glyceraldehyde 3P",6563,529,5618,3400,5532,2270,5029,2265,5809,6655,3336,10100,4604,7323,6770,3641,36914,2369,2600,6552,3408,8926,8855,9956,6922,8388,5741,4400,514,1134,3412,6589,6648
M00063  CMP-KDO biosynthesis,3243,65,2159,922,1478,1074,1761,1446,1690,1998,917,949,679,1568,2489,2416,18920,822,1223,2088,1139,2299,3603,3308,1861,4320,976,1654,72,327,1201,2247,1502
M00064  ADP-L-glycero-D-manno-heptose biosynthesis,1067,64,1680,554,724,433,959,482,1475,1656,662,983,415,579,292,1792,10929,371,478,1605,421,1705,1755,1356,1055,1463,745,492,99,213,351,811,887
"M00065  GPI-anchor biosynthesis, core oligosaccharide",1,40,2,1,2,1,0,0,0,4,0,2,0,18,3,0,1,0,0,2,1,3,4,3,10,1,0,0,6,46,1,2,2
M00066  Lactosylceramide biosynthesis,0,3,0,0,0,0,0,0,0,0,0,0,0,2,0,0,0,0,0,0,0,0,0,0,0,0,0,0,1,0,0,0,0
"M00067  Sulfoglycolipids biosynthesis, ceramide/1-alkyl-2-acylglycerol => sulfatide/seminolipid",0,1,1,0,0,0,0,2,0,0,0,0,0,0,0,0,0,0,0,0,0,1,0,0,7,0,0,0,0,1,0,1,0
"M00068  Glycosphingolipid biosynthesis, globo-series, LacCer => Gb4Cer",0,2,0,0,0,0,0,0,0,0,0,0,0,2,0,0,0,0,0,0,0,0,0,0,0,1,0,0,0,0,0,0,0
"M00069  Glycosphingolipid biosynthesis, ganglio series, LacCer => GT3",0,12,0,0,0,0,0,1,0,0,0,0,0,0,0,0,0,0,0,0,0,0,0,0,0,0,0,0,0,2,0,0,0
"M00070  Glycosphingolipid biosynthesis, lacto-series, LacCer => Lc4Cer",0,0,0,0,0,0,1,0,0,0,0,0,0,3,0,0,0,0,0,0,0,0,0,0,0,0,0,0,5,3,0,0,0
"M00071  Glycosphingolipid biosynthesis, neolacto-series, LacCer => nLc4Cer",0,3,0,0,0,0,0,0,0,0,0,0,0,5,0,0,0,0,0,0,0,0,0,0,0,0,0,0,2,1,0,0,0
M00072  N-glycosylation by oligosaccharyltransferase,0,24,0,0,0,0,6,0,0,1,0,2,0,12,0,0,2,0,0,0,0,0,0,0,1,0,0,6,5,29,0,3,7
M00073  N-glycan precursor trimming,85,19,60,25,143,27,38,15,190,225,14,25,117,57,244,79,369,17,49,56,8,54,208,99,134,87,62,49,22,30,52,104,162
"M00074  N-glycan biosynthesis, high-mannose type",89,23,60,25,143,27,38,15,190,225,14,25,116,57,244,79,369,17,49,56,8,54,208,99,134,87,63,48,22,28,52,104,162
"M00075  N-glycan biosynthesis, complex type",0,13,2,0,1,0,0,0,0,2,0,0,1,10,0,0,0,0,0,2,0,0,1,0,1,0,0,1,20,28,0,1,0
M00076  Dermatan sulfate degradation,1889,121,940,632,960,493,753,558,1161,1524,574,886,962,927,3434,1048,12742,586,916,1112,255,1334,3203,5039,2423,1270,937,642,85,351,384,758,1278
M00077  Chondroitin sulfate degradation,1608,118,924,652,957,484,795,604,1175,1528,575,881,966,950,3473,1051,13760,592,907,1121,254,1352,3166,5076,2461,1352,952,671,88,354,427,813,1259
M00078  Heparan sulfate degradation,1287,116,614,298,367,146,479,222,844,1113,224,183,266,380,1057,400,4030,160,333,242,163,522,1217,549,528,608,482,460,53,244,203,399,547
M00079  Keratan sulfate degradation,6158,37,2010,957,1634,967,2389,1592,1448,1768,331,639,929,1926,5050,2552,19428,1124,2435,586,815,1413,5765,4022,3890,3505,1254,1348,106,404,1574,2348,1489
M00081  Pectin degradation,696,6,344,140,79,59,103,70,384,447,172,195,58,300,449,395,2772,47,215,74,213,307,601,242,393,254,138,157,2,14,100,162,198
"M00082  Fatty acid biosynthesis, initiation",5687,810,7544,4861,12342,4009,7316,3747,28757,35803,4430,12702,10851,8266,10105,4305,51598,3014,3746,12969,4188,13872,13042,17893,11182,11388,5872,8785,629,1367,5064,10134,12934
"M00083  Fatty acid biosynthesis, elongation",7213,769,6756,4658,12382,4091,8868,4528,28080,34532,3968,10972,9993,8033,9090,4836,50107,3122,3631,10997,3889,11081,14067,15990,10155,12041,4556,10283,553,1310,5223,10764,12726
M00085  Fatty acid elongation in mitochondria,30,32,14,27,112,39,101,29,115,161,19,130,67,78,43,59,395,30,8,78,40,82,77,97,69,57,28,64,19,33,48,102,88
"M00086  beta-Oxidation, acyl-CoA synthesis",1419,145,948,1092,918,430,1263,672,1271,1376,286,278,1581,578,1242,775,21823,450,587,587,404,1847,2522,1135,1606,1587,458,930,105,354,480,1149,852
M00087  beta-Oxidation,1298,362,2718,987,1166,369,1302,378,3818,4540,1717,922,1075,826,580,2025,24232,324,142,1156,1132,3122,1482,1129,1281,1027,957,949,184,238,477,1113,1184
"M00088  Ketone body biosynthesis, acetyl-CoA => acetoacetate/3-hydroxybutyrate/acetone",692,249,1545,992,2229,571,2050,590,3447,3977,779,2491,1594,1662,1203,800,6465,960,382,1986,1091,2180,1600,2417,1795,1715,570,1527,174,310,907,2061,2386
M00089  Triacylglycerol biosynthesis,846,422,3054,2260,4767,1570,3115,1314,9011,10611,1982,5764,4246,4048,4402,2202,18971,1302,1080,5108,1582,6801,3631,5509,4739,3322,1666,3412,295,471,1572,3238,4539
"M00090  Phosphatidylcholine (PC) biosynthesis, choline => PC",0,6,0,0,0,0,0,1,0,0,0,1,0,7,0,0,0,0,0,1,0,1,1,1,2,1,0,4,3,2,0,2,2
"M00091  Phosphatidylcholine (PC) biosynthesis, PE => PC",0,13,0,0,0,0,0,0,0,0,0,0,0,11,0,0,0,0,0,0,0,0,0,1,5,0,0,0,1,13,0,0,0
"M00092  Phosphatidylethanolamine (PE) biosynthesis, ethanolamine => PE",1,14,19,1,4,3,10,1,16,11,1,3,6,5,6,1,16,15,0,9,1,3,1,3,7,8,0,8,6,7,2,12,3
"M00093  Phosphatidylethanolamine (PE) biosynthesis, PA => PS => PE",1992,177,1845,801,1711,819,1783,1028,2698,3218,964,1287,1409,1220,1922,1505,16945,698,746,1843,997,2808,2863,2994,2135,2636,899,1954,139,306,915,2011,2019
M00094  Ceramide biosynthesis,37,19,36,21,44,19,66,53,12,17,4,11,18,48,10,8,327,14,14,11,15,19,29,66,41,94,23,56,6,28,32,64,45
"M00095  C5 isoprenoid biosynthesis, mevalonate pathway",746,410,2516,1578,2441,629,2321,704,6085,7177,886,4097,1920,3283,2125,1026,7826,1491,642,2380,1241,3253,1491,2463,2972,1710,705,1543,212,446,897,2053,2338
"M00096  C5 isoprenoid biosynthesis, non-mevalonate pathway",16951,1517,13643,11283,29731,11010,25823,12908,23348,27588,8162,21965,26168,13838,22404,10729,148086,9384,8336,24647,9648,27244,34721,44785,25200,35312,10037,25642,2229,4563,14960,30747,31921
"M00097  beta-Carotene biosynthesis, GGAP => beta-carotene",0,0,0,4,0,0,5,0,5,16,3,14,11,14,0,0,11,2,2,0,0,0,3,0,0,8,7,2,0,0,1,6,20
M00098  Acylglycerol degradation,31,135,24,11,43,16,37,12,10,20,2,32,26,89,9,15,57,30,12,44,2,55,69,57,74,33,0,46,45,139,25,31,42
M00099  Sphingosine biosynthesis,37,36,36,21,44,19,66,53,12,17,4,11,19,58,12,8,327,14,14,14,15,19,29,66,41,94,23,57,6,34,32,64,45
M00100  Sphingosine degradation,0,10,0,2,1,0,1,0,1,0,0,0,6,0,0,0,55,0,0,6,1,4,1,1,8,4,0,0,9,6,1,2,0
"M00101  Cholesterol biosynthesis, squalene 2,3-epoxide => cholesterol",0,38,0,0,11,0,2,5,9,7,0,0,7,19,3,1,10,6,3,3,0,3,0,3,49,1,0,7,10,34,0,0,1
M00102  Ergocalciferol biosynthesis,0,19,0,1,0,0,0,0,0,0,0,0,3,15,0,0,0,1,1,0,0,3,7,1,14,0,0,0,5,12,0,1,0
M00103  Cholecalciferol biosynthesis,0,2,0,0,0,0,0,0,0,0,0,0,0,1,2,0,0,0,0,0,0,0,0,0,0,0,0,0,0,5,0,0,0
"M00104  Bile acid biosynthesis, cholesterol => cholate/chenodeoxycholate",3,37,89,36,78,39,68,32,193,211,24,77,74,19,44,52,560,70,29,123,15,146,164,114,135,81,25,103,30,49,52,81,64
"M00106  Conjugated bile acid biosynthesis, cholate => taurocholate/glycocholate",0,1,0,0,0,0,0,0,0,0,0,0,0,0,0,0,0,0,3,0,0,1,0,0,0,0,0,0,3,1,0,0,0
"M00107  Steroid hormone biosynthesis, cholesterol => prognenolone => progesterone",0,4,0,1,0,0,0,0,2,2,2,1,0,3,0,2,22,0,0,3,0,0,1,0,0,0,0,0,1,5,0,0,0
"M00108  C21-Steroid hormone biosynthesis, progesterone => corticosterone/aldosterone",0,0,0,0,0,0,0,0,0,0,0,1,0,0,0,0,0,0,0,1,0,0,0,0,0,0,0,0,1,5,0,0,1
"M00109  C21-Steroid hormone biosynthesis, progesterone => cortisol/cortisone",0,4,1,0,12,0,22,8,16,30,2,8,5,22,0,4,21,1,7,7,0,2,7,5,6,2,5,1,1,11,0,4,3
"M00110  C19/C18-Steroid hormone biosynthesis, pregnenolone => androstenedione => estrone",0,8,0,1,0,0,0,0,2,2,2,0,0,3,0,2,22,0,0,3,0,0,2,0,0,0,0,0,1,6,0,0,0
M00112  Tocopherol/tocotorienol biosynthesis,1,0,0,0,0,0,1,3,0,2,0,0,1,0,0,0,0,0,1,0,0,0,0,40,9,2,0,0,0,0,0,7,10
M00113  Jasmonic acid biosynthesis,433,139,1024,392,410,136,457,138,1263,1541,551,515,472,237,340,663,7772,128,58,489,451,1061,475,670,583,415,488,345,81,130,194,442,467
"M00114  Ascorbate biosynthesis, plants, glucose-6P => ascorbate",4282,943,4908,4230,8621,3470,7415,3650,11753,13562,3092,8395,7890,5763,8015,3447,48895,2739,2919,8699,2908,11949,9579,12930,9523,10155,3169,7037,689,1418,4340,8606,8537
"M00115  NAD biosynthesis, aspartate => NAD",6843,772,5918,3965,9830,3885,7559,3970,11273,13311,3650,8087,10276,6136,9519,3979,62711,3884,3285,9469,3595,13011,13908,15559,9653,11785,4117,8661,716,1591,5491,10010,10426
"M00116  Menaquinone biosynthesis, chorismate => menaquinol",6830,893,4989,1574,1981,1300,3003,2229,7159,9191,1981,1397,2015,2408,6543,5708,41543,893,1704,1282,2399,4330,6069,4130,5058,5162,1870,2378,393,1229,1616,2985,2540
"M00117  Ubiquinone biosynthesis, prokaryotes, chorismate => ubiquinone",2370,290,3104,1059,866,502,1138,658,4621,5624,1626,1260,961,1718,2285,2298,22644,521,583,662,1084,2951,1932,1320,1895,1672,991,701,113,309,517,932,811
"M00118  Glutathione biosynthesis, glutamate => glutathione",577,142,1126,980,390,191,121,163,1921,2176,582,3206,430,3364,552,806,6064,33,419,976,424,2589,155,50,1144,156,390,95,29,56,38,61,100
"M00119  Pantothenate biosynthesis, valine/L-aspartate => pantothenate",5491,398,4937,3891,7769,3098,6491,3375,5277,6283,2830,8535,7388,9129,6488,3847,37604,2815,2439,6398,3232,7946,9917,10094,6702,10340,3649,8048,463,1127,4455,9058,8735
"M00120  Coenzyme A biosynthesis, pantothenate => CoA",4720,808,4852,4103,8721,2883,6035,2707,12066,14391,2586,8473,8449,6136,8823,3865,47079,2779,2610,9090,2934,11202,10353,11437,8626,7647,2877,6414,586,1513,3485,7530,8852
"M00121  Heme biosynthesis, plants and bacteria, glutamate => heme",4874,1331,8079,5458,13656,4927,9932,4226,17830,22321,5024,9608,11534,4199,6457,6055,70023,5263,2953,11575,4257,13982,12537,14991,10337,13236,3939,10724,1325,2775,6033,12400,12911
"M00122  Cobalamin biosynthesis, cobinamide => cobalamin",4024,324,4679,2403,8433,2326,5174,1758,9707,11701,2538,4738,5802,2728,3000,3406,30233,2715,2042,8051,3489,7045,7423,7478,6082,5291,3003,3770,625,1080,2916,5380,8558
"M00123  Biotin biosynthesis, pimeloyl-ACP/CoA => biotin",6939,387,4450,1162,4764,1787,2995,1132,3313,4090,1868,2417,3168,2893,6055,4046,35016,1734,2552,4361,2819,4546,8743,4493,4969,3384,2806,2778,434,1059,1364,2859,4215
"M00124  Pyridoxal biosynthesis, erythrose-4P => pyridoxal-5P",7796,437,4610,2708,6863,2950,6997,3333,5030,6376,2321,4081,5579,3905,8371,4220,47246,2617,3577,5682,3484,8224,11127,8891,8067,7278,3083,4856,473,1030,2862,5611,6422
"M00125  Riboflavin biosynthesis, GTP => riboflavin/FMN/FAD",6906,827,5862,2592,8219,2992,7078,3587,10620,12108,2969,5839,7443,5154,9286,4198,39485,2849,2681,7589,3682,8842,15159,12314,7270,11054,2432,7564,553,1457,4838,9885,10072
"M00126  Tetrahydrofolate biosynthesis, GTP => THF",3722,584,3898,2987,5931,2149,4826,2378,7672,8818,2252,3597,6154,3119,4716,3204,48333,1933,1744,5634,2492,9267,6927,7414,6967,5457,1496,4103,426,1068,2317,4763,4810
"M00127  Thiamine biosynthesis, AIR => thiamine-P/thiamine-2P",4895,692,5903,3863,10521,3815,7723,4023,11001,12928,3651,7829,10040,3657,6348,4367,69716,4079,2542,10556,3609,12532,11613,16280,8056,13806,3797,9402,731,1446,5934,11699,11309
"M00128  Ubiquinone biosynthesis, eukaryotes, 4-hydroxybenzoate => ubiquinone",31,12,42,14,8,5,5,2,76,66,41,3,7,17,2,44,422,1,0,1,16,53,22,4,15,4,13,0,13,14,2,1,3
"M00129  Ascorbate biosynthesis, animals, glucose-1P => ascorbate",3843,439,5545,3387,5278,2485,5081,2738,7570,9190,1580,7930,3999,5568,7087,3003,41292,2359,3030,7431,1777,8068,10172,8371,5961,8132,3015,5791,374,1130,2947,5557,5198
"M00130  Inositol phosphate metabolism, PI=> PIP2 => Ins(1,4,5)P3 => Ins(1,3,4,5)P4",129,72,69,6,57,56,132,87,35,37,9,24,22,89,149,58,113,40,116,39,116,92,151,65,143,69,48,91,39,94,44,51,80
"M00131  Inositol phosphate metabolism, Ins(1,3,4,5)P4 => Ins(1,3,4)P3 => myo-inositol",345,66,465,204,253,127,166,81,459,540,194,384,237,320,208,336,2304,165,163,393,223,673,250,196,457,139,133,112,49,84,56,101,240
"M00132  Inositol phosphate metabolism, Ins(1,3,4)P3 => phytate",0,6,0,0,0,0,0,0,0,0,0,0,0,4,0,0,0,0,0,0,0,0,0,0,0,0,0,1,7,6,0,0,0
"M00133  Polyamine biosynthesis, arginine => agmatine => putrescine => spermidine",4648,89,4323,1365,4023,1997,3916,2484,4198,4841,2111,3191,2687,1719,4328,3004,22760,1080,1756,4353,2351,4956,5912,10938,4069,8266,2745,3755,177,439,3092,5455,6238
"M00134  Polyamine biosynthesis, arginine => ornithine => putrescine",358,87,1267,394,371,493,467,256,2334,2590,656,234,278,224,914,538,9728,180,150,1908,392,2036,1138,114,329,1195,293,351,64,168,140,594,169
"M00135  GABA biosynthesis, eukaryotes, putrescine => GABA",375,129,734,541,801,359,678,232,742,863,446,1282,653,519,359,746,4419,347,124,1512,529,1280,1031,1156,777,754,510,477,106,191,272,585,607
"M00136  GABA biosynthesis, prokaryotes, putrescine => GABA",324,43,643,251,8,22,64,36,848,978,209,13,71,85,19,540,7316,11,22,27,6,496,96,10,244,65,264,21,6,12,4,6,17
"M00137  Flavanone biosynthesis, phenylalanine => naringenin",188,4,111,54,195,77,295,81,74,95,22,49,80,68,239,87,933,89,109,89,60,184,316,177,265,202,117,177,14,43,87,166,228
"M00138  Flavonoid biosynthesis, naringenin => pelargonidin",0,0,0,0,0,0,0,0,0,0,1,0,0,0,0,0,0,0,0,0,0,0,0,0,0,0,0,0,0,0,0,0,0
"M00140  C1-unit interconversion, prokaryotes",7427,1113,8285,7609,19184,6744,16187,7527,21168,25293,4479,16530,16666,10063,14967,6102,71413,6166,5271,17101,5469,18247,17676,27786,17753,20139,5182,14941,1379,2732,8444,16975,17887
"M00141  C1-unit interconversion, eukaryotes",2615,362,2752,2412,5749,2006,5563,2513,6629,8213,1330,4974,4973,3475,4733,2129,18169,2044,1836,4638,1485,4079,5057,8719,5405,6351,1720,4655,473,863,2596,5322,5264
"M00142  NADH:ubiquinone oxidoreductase, mitochondria",98,732,87,60,66,41,198,126,24,54,22,75,90,506,131,43,494,136,38,74,29,193,176,121,146,137,115,191,154,417,69,71,111
"M00143  NADH dehydrogenase (ubiquinone) Fe-S protein/flavoprotein complex, mitochondria",68,32,47,63,187,56,198,54,53,75,23,41,84,117,28,47,469,78,33,68,26,55,40,192,194,98,8,55,58,96,49,84,80
"M00144  NADH:quinone oxidoreductase, prokaryotes",8427,1495,5980,2355,4104,2703,5020,3976,5585,6450,2788,1888,2514,4190,7427,6158,39007,2175,3410,2394,3631,6698,9884,7285,7957,8635,2941,3884,926,2606,2898,5082,4309
"M00145  NAD(P)H:quinone oxidoreductase, chloroplasts and cyanobacteria",626,54,304,127,385,252,488,514,194,243,102,125,147,361,726,372,1696,174,365,198,278,475,954,1012,611,1496,206,705,48,114,529,835,542
M00146  NADH dehydrogenase (ubiquinone) 1 alpha subcomplex,0,24,2,7,0,0,9,7,2,7,0,3,5,4,0,0,23,1,0,12,0,15,5,2,6,1,1,0,16,14,2,2,2
M00147  NADH dehydrogenase (ubiquinone) 1 beta subcomplex,0,13,0,0,0,0,0,0,0,0,0,1,0,0,0,0,1,0,0,2,0,1,0,0,1,0,0,1,11,8,0,0,1
M00148  Succinate dehydrogenase (ubiquinone),156,59,270,285,95,15,101,19,469,494,148,86,369,42,22,248,6612,75,14,150,66,586,305,111,148,156,92,73,41,73,47,185,102
"M00149  Succinate dehydrogenase, prokaryotes",483,107,791,248,548,150,339,219,878,984,412,434,586,269,223,833,8367,171,166,605,248,996,693,646,464,747,176,438,60,146,209,380,494
"M00150  Fumarate reductase, prokaryotes",627,59,851,371,295,99,254,171,1864,2168,516,516,407,457,538,726,7618,142,74,222,217,1143,448,333,431,248,280,209,38,51,117,180,298
M00151  Cytochrome bc1 complex respiratory unit,11,407,18,2,7,6,20,8,0,4,4,37,8,284,15,6,83,28,2,28,14,39,11,21,47,15,20,42,168,385,4,21,15
M00152  Cytochrome bc1 complex,8,228,17,2,6,5,23,9,2,2,4,20,6,152,13,7,79,28,2,15,12,32,11,21,45,16,21,36,47,168,4,16,7
M00153  Cytochrome bd ubiquinol oxidase,1284,226,1725,563,408,259,790,517,3498,4053,640,307,462,483,1575,1307,14369,237,344,303,560,1423,932,606,1062,809,539,390,101,301,256,423,298
M00154  Cytochrome c oxidase,132,724,241,83,8,21,63,47,229,282,144,43,45,481,50,181,2165,74,8,37,67,286,93,59,159,53,123,102,266,569,36,28,31
"M00155  Cytochrome c oxidase, prokaryotes",20,181,26,7,0,0,6,1,31,38,23,22,3,166,7,14,236,5,0,21,3,41,7,1,6,1,7,5,133,266,3,6,13
"M00156  Cytochrome c oxidase, cbb3-type",0,5,0,0,0,0,2,0,0,0,0,0,0,2,0,0,2,0,0,0,0,0,0,1,0,1,0,0,9,5,3,0,0
"M00157  F-type ATPase, prokaryotes and chloroplasts",11254,1850,12654,10680,25652,8211,20719,9756,34422,40740,8302,21785,25435,15906,22617,8962,141734,6799,6367,27950,7770,35767,27283,42358,22824,29662,7202,20318,1602,3483,13610,28235,30746
"M00158  F-type ATPase, eukaryotes",11,171,3,9,14,7,20,23,4,6,11,9,30,95,9,5,101,20,5,19,6,44,21,44,31,44,11,32,31,83,12,29,29
"M00159  V/A-type ATPase, prokaryotes",3776,107,7640,7297,13910,5053,9098,2806,5757,6822,4152,23525,12354,14009,5703,2589,31832,6556,3960,10879,5449,8181,13877,17267,12820,6896,7085,7402,918,1139,3476,6632,7958
"M00160  V-type ATPase, eukaryotes",12,51,186,111,385,126,153,35,175,210,198,421,434,117,134,59,1025,145,60,469,158,373,387,671,402,159,169,176,53,116,149,216,306
M00161  Photosystem II,0,1,0,4,0,0,2,0,0,1,9,3,0,2,1,0,0,0,0,0,2,0,0,0,1,1,0,19,0,5,0,1,2
M00162  Cytochrome b6f complex,0,1,1,14,6,5,1,9,13,14,14,49,3,11,2,3,7,5,3,1,0,3,3,8,4,9,4,8,0,0,2,17,14
M00163  Photosystem I,1,2,5,7,0,5,12,3,4,3,14,2,1,7,5,2,14,2,3,3,2,11,1,3,31,3,7,11,3,2,3,2,2
M00165  Reductive pentose phosphate cycle (Calvin cycle),13535,2345,16437,14201,27403,11534,24898,11355,30498,35793,9866,30521,27423,21082,23596,11557,145412,10144,8383,30258,10172,34784,31173,40896,28816,29617,11056,21434,2206,4359,12585,26080,29975
"M00166  Reductive pentose phosphate cycle, ribulose-5P => glyceraldehyde-3P",4959,806,5791,5671,11811,4770,11640,5081,12982,15831,3322,10921,10420,7821,9204,4551,50114,4533,3564,11962,3410,13067,11609,17412,12003,12409,4035,9124,941,1727,5203,10624,11470
"M00167  Reductive pentose phosphate cycle, glyceraldehyde-3P => ribulose-5P",8576,1539,10646,8530,15592,6764,13258,6274,17516,19962,6544,19600,17003,13261,14392,7006,95298,5611,4819,18296,6762,21717,19564,23484,16813,17208,7021,12310,1265,2632,7382,15456,18505
"M00168  CAM (Crassulacean acid metabolism), dark",2213,330,1853,940,1177,737,763,470,5361,6247,1003,612,1760,1063,4000,1566,22902,583,1160,1911,932,5573,2592,628,2956,884,910,354,182,516,192,483,597
"M00169  CAM (Crassulacean acid metabolism), light",5525,381,5356,4097,13645,5142,12790,5522,7132,7934,3369,8333,9721,5254,7838,3955,33687,4471,3642,10230,3954,9834,12902,20258,11058,14901,3859,11360,940,1754,6689,12959,14037
"M00170  C4-dicarboxylic acid cycle, phosphoenolpyruvate carboxykinase type",4137,220,3753,2564,6232,2644,6071,3151,8279,9466,2377,3598,5948,2052,7037,2419,37915,1882,2326,7636,2694,10429,7172,9720,6725,8970,2713,5724,376,817,3222,6755,7678
"M00171  C4-dicarboxylic acid cycle, NAD - malic enzyme type",3627,398,4114,3693,10402,4061,10355,4386,9632,10820,2914,6438,8568,3317,7346,2990,36629,3483,3117,9055,2947,11924,9607,15445,9836,11097,3188,8471,791,1471,5034,9906,10760
"M00172  C4-dicarboxylic acid cycle, NADP - malic enzyme type",5847,495,6359,4754,14182,5481,13041,5780,11809,13269,4058,8561,10976,5460,10388,4601,48836,4656,4169,11754,4351,14642,13613,20441,12819,15290,4307,11498,973,1852,6744,13186,14140
M00173  Reductive citrate cycle (Arnon-Buchanan cycle),25213,3233,25265,18580,39550,16397,39583,17040,37901,43948,14044,30910,35149,25170,32160,20408,230563,16656,13332,39924,14713,46531,50726,54566,40906,46001,15032,32061,3699,7594,19461,38044,39901
"M00174  Methane oxidation, methanotroph, methane => formaldehyde",0,0,0,0,0,0,0,0,0,0,0,0,0,0,0,0,0,0,0,0,0,0,0,0,1,0,0,0,1,0,1,0,0
"M00175  Nitrogen fixation, nitrogen => ammonia",0,0,456,101,497,156,425,84,329,363,194,793,627,113,382,12,1421,282,74,753,393,356,202,611,683,647,88,366,23,61,310,628,530
"M00176  Assimilatory sulfate reduction, sulfate => H2S",5905,327,4443,1008,4521,1574,2219,1215,4083,4907,2235,2215,3561,1789,4881,2863,31316,1162,2100,2577,2996,5150,6625,2096,4001,3059,1628,3364,159,706,1508,3682,4781
"M00307  Pyruvate oxidation, pyruvate => acetyl-CoA",7204,1736,8406,7352,12381,4999,11633,4896,14058,16484,4076,15654,9951,16568,9909,6242,55778,5150,3700,12329,5010,12705,13704,13649,13769,11375,4282,8507,1915,2981,5059,9544,10195
"M00308  Semi-phosphorylative Entner-Doudoroff pathway, gluconate => glycerate-3P",5118,858,6045,5902,12655,5104,11987,5248,13807,16731,3813,11827,11257,8150,9925,4879,52969,4439,3671,13221,3586,14890,12212,18866,12662,13069,4469,9488,1016,1818,5647,11543,12137
"M00309  Non-phosphorylative Entner-Doudoroff pathway, gluconate/galactonate => glycerate",11,1,141,121,119,36,125,33,100,97,73,225,116,138,48,27,758,45,5,182,37,236,175,176,85,112,131,93,13,10,48,109,126
"M00338  Cysteine biosynthesis, homocysteine + serine => cysteine",93,41,211,307,429,105,269,124,702,774,90,234,712,136,346,125,6222,93,82,416,64,738,510,528,360,420,49,341,26,59,144,392,383
"M00344  Formaldehyde assimilation, xylulose monophosphate pathway",2334,251,2344,2309,4089,1858,3796,1682,5084,5603,1774,5320,4747,3733,3293,1971,27599,1587,1280,4119,1605,5844,5538,6322,4567,4465,1742,3512,356,669,1907,4040,4351
"M00345  Formaldehyde assimilation, ribulose monophosphate pathway",5743,410,4986,3895,9159,3597,8047,3426,8723,9737,3162,9884,8867,6749,7500,3857,46173,3737,3067,8825,3339,10741,12443,14274,9878,9649,3537,7456,684,1523,4113,8450,9784
"M00346  Formaldehyde assimilation, serine pathway",7796,1123,9104,6592,15915,5621,12418,5844,22382,26412,5100,13586,15188,9089,16332,6418,82181,5437,5370,15319,5169,19380,17108,21651,16125,15982,5659,12266,1167,2603,6621,13872,15076
"M00356  Methanogenesis, methanol => methane",19,0,2586,922,1305,390,2077,317,523,504,529,1022,942,172,765,115,1118,3826,957,1088,432,1168,569,1088,2618,689,37,700,64,132,358,711,1202
"M00357  Methanogenesis, acetate => methane",4946,646,9681,5497,10198,3648,10677,4188,14803,17455,4032,10296,9874,5807,9623,4191,54613,8025,3554,10377,3710,13570,10539,14352,13013,10621,3453,8134,659,1579,4568,9415,10851
M00358  Coenzyme M biosynthesis,52,0,477,126,249,54,357,53,254,235,116,460,115,39,141,39,323,578,121,173,169,202,102,319,524,54,14,87,4,17,35,46,157
"M00364  C10-C20 isoprenoid biosynthesis, bacteria",940,239,1632,1066,1690,666,1432,713,3735,4515,544,2536,1411,2258,1919,970,7934,800,643,1638,652,2585,1470,2128,2459,1503,614,1174,145,299,628,1210,1337
"M00365  C10-C20 isoprenoid biosynthesis, archaea",661,171,1001,605,622,287,652,402,2531,3150,227,1604,585,1636,1263,483,4317,497,417,694,295,1558,817,604,1535,668,341,393,65,221,234,467,356
"M00366  C10-C20 isoprenoid biosynthesis, plants",309,209,1119,842,1256,461,844,407,3263,3884,401,2253,1090,1941,1440,627,3388,483,457,1298,411,2009,735,1457,1864,801,382,704,116,226,393,698,938
"M00367  C10-C20 isoprenoid biosynthesis, non-plant eukaryotes",172,171,729,466,284,106,173,122,2374,2936,178,1403,335,1398,849,311,1649,226,255,470,169,1235,151,81,1066,49,180,59,41,160,24,35,21
"M00368  Ethylene biosynthesis, methionine => ethylene",3495,423,3922,3391,9173,3265,7279,3248,8116,9901,2785,7278,8336,4540,6398,2787,35990,2973,2146,8733,2470,9242,7965,11903,7210,8687,2863,6707,660,1037,3715,7612,9219
"M00371  Castasterone biosynthesis, campesterol => castasterone",5,0,0,0,1,2,1,0,3,1,0,2,1,1,52,10,15,0,3,0,0,2,25,3,4,0,2,0,0,1,0,0,0
"M00372  Abscisic acid biosynthesis, beta-carotene => abscisic acid",0,0,22,3,6,6,8,2,2,1,0,0,4,0,1,1,4,5,2,4,2,0,2,5,23,5,0,8,1,0,0,1,10
M00373  Ethylmalonyl pathway,12599,709,5756,2472,6610,2967,6382,2725,6289,7740,1741,4843,4187,6414,10447,6458,61062,3198,4498,5103,3669,5849,13784,7588,8049,6190,3804,3685,634,1883,2246,4586,6081
M00374  Dicarboxylate-hydroxybutyrate cycle,8271,1150,9096,4683,7776,3327,8187,3641,13576,15654,3741,5777,6974,5908,10591,6889,74637,4588,3932,7943,4201,13295,12409,9005,10254,9123,3525,6202,798,1870,3348,7174,7068
M00375  Hydroxypropionate-hydroxybutylate cycle,898,217,1632,1162,2992,899,2608,779,3568,4120,835,3272,1954,2336,1504,887,7643,869,493,2244,1444,2247,2068,3200,1984,1993,706,1897,208,311,1015,2339,2667
M00376  3-Hydroxypropionate bi-cycle,9278,1253,8695,4351,11803,4162,7508,3082,24927,30938,4247,10399,9442,7984,11848,7306,71734,3720,4420,12146,4844,13604,15370,13784,10815,9102,5625,7123,780,1927,3806,7688,10796
M00377  Reductive acetyl-CoA pathway (Wood-Ljungdahl pathway),5330,821,6740,6109,15443,5473,12176,5533,16210,18868,3936,13756,13797,7314,11091,4542,60657,4900,3819,14360,4742,16289,14969,23088,14162,15357,4616,11916,1018,2105,6628,13150,14525
M00378  F420 biosynthesis,0,4,699,205,52,39,411,52,20,27,7,2,38,56,1,47,3,1124,223,126,0,50,32,106,558,152,2,6,5,38,41,53,48
M00415  Fatty acid elongation in endoplasmic reticulum,27,33,38,33,98,50,75,10,97,102,21,58,98,31,30,19,672,21,29,75,27,81,76,115,82,119,56,87,18,38,91,105,165
M00416  Cytochrome aa3-600 menaquinol oxidase,67,70,171,56,0,2,20,5,246,217,103,9,16,79,2,143,1727,0,2,7,39,177,21,0,50,19,60,17,18,131,0,0,3
M00417  Cytochrome o ubiquinol oxidase,306,54,699,213,1,8,78,14,735,862,348,8,55,74,16,500,6418,7,4,7,169,724,121,1,191,51,163,12,16,42,3,0,7
"M00418  Toluene degradation, anaerobic, toluene => benzoyl-CoA",10,0,20,17,17,9,34,14,20,17,6,12,33,11,11,2,52,13,4,42,14,26,83,33,25,9,1,23,3,0,4,11,40
"M00422  Acetyl-CoA pathway, CO2 => acetyl-CoA",0,0,330,109,387,149,265,38,291,215,267,421,375,66,197,3,354,130,15,536,193,462,219,212,216,179,20,205,24,21,62,144,459
"M00432  Leucine biosynthesis, 2-oxoisovalerate => 2-oxoisocaproate",10000,783,9261,7767,20477,7346,14734,6810,14135,16115,5847,14170,19425,7140,11450,7196,113427,7688,5938,20167,6500,22028,22760,30501,18699,23285,7743,17005,1183,2531,10198,20065,20633
"M00433  Lysine biosynthesis, 2-oxoglutarate => 2-oxoadipate",78,15,56,31,91,37,89,58,24,48,40,91,64,43,37,27,417,62,30,170,27,92,126,148,120,123,16,68,7,23,42,79,88
"M00525  Lysine biosynthesis, acetyl-DAP pathway, aspartate => lysine",10529,1575,12156,8643,19405,7713,14786,7476,23693,27974,6245,19217,17970,12041,16029,8464,99772,7227,5998,20452,6502,23515,21545,29294,20652,20714,7326,15260,1265,3055,8770,17841,19547
"M00526  Lysine biosynthesis, DAP dehydrogenase pathway, aspartate => lysine",10573,1267,11980,7747,16717,6695,13662,7249,19695,22962,6238,16855,15739,10415,13822,8245,103384,6442,5405,16853,6476,20929,19850,27082,18122,19103,7274,13513,1123,2725,8033,16155,17484
"M00527  Lysine biosynthesis, DAP aminotransferase pathway, aspartate => lysine",13553,1477,15237,9525,24145,9200,18476,9517,25567,29811,8094,21105,21330,12506,18506,10522,123665,8799,7180,23549,8649,26186,26018,36434,23515,27182,9202,20158,1471,3394,11685,23146,25526
"M00529  Denitrification, nitrate => nitrogen",1284,892,2694,1009,240,200,490,244,3805,4462,1875,772,619,875,1194,3100,29494,125,136,692,717,3029,759,1144,1622,563,1066,183,317,730,112,197,268
"M00530  Dissimilatory nitrate reduction, nitrate => ammonia",3717,951,4177,1415,700,297,708,342,5116,6158,2381,899,852,1859,3619,4317,49443,401,911,774,951,4152,2538,1479,2777,834,1914,220,331,850,129,229,402
"M00531  Assimilatory nitrate reduction, nitrate => ammonia",184,25,240,85,84,29,55,29,278,337,169,51,75,57,21,285,2064,38,3,63,118,309,76,92,126,27,73,35,3,5,20,28,38
M00532  Photorespiration,13437,1588,9503,5507,11125,4389,9724,4126,14509,18043,3305,10446,8449,11147,14393,8899,73939,4673,5737,6899,5105,9719,16416,11341,14000,8298,5162,5559,1588,3319,3146,6292,7883
"M00533  Homoprotocatechuate degradation, homoprotocatechuate => 2-oxohept-3-enedioate",0,0,0,0,2,0,0,0,1,0,1,5,1,1,0,0,0,1,0,0,0,0,1,2,1,1,0,0,0,0,0,0,0
"M00534  Naphthalene degradation, naphthalene => salicylate",2,0,0,0,0,0,0,0,0,0,0,0,1,0,0,0,0,0,0,0,0,0,0,0,0,0,0,0,0,0,0,0,0
"M00535  Isoleucine biosynthesis, pyruvate => 2-oxobutanoate",6605,476,6304,5025,13688,5024,9819,4481,9460,10756,4043,9379,13021,4744,7529,4704,73052,5170,3876,14269,4198,15325,15451,20230,12224,15731,5264,11373,726,1588,6752,13430,13947
"M00537  Xylene degradation, xylene => methylbenzoate",0,0,0,1,0,0,0,0,0,0,0,1,0,0,0,0,0,0,0,0,0,0,3,0,0,0,0,0,0,0,0,0,1
"M00538  Toluene degradation, toluene => benzoate",0,0,0,1,0,0,0,0,0,0,0,1,0,0,0,0,0,0,0,0,0,0,3,0,0,0,0,0,0,0,0,0,1
"M00539  Cumate degradation, p-cumate => 2-oxopent-4-enoate + 2-methylpropanoate",1,0,0,0,3,0,0,0,0,0,1,0,13,0,0,0,15,0,0,0,0,0,1,1,3,0,2,0,0,0,0,1,0
"M00541  Benzoyl-CoA degradation, benzoyl-CoA => 3-hydroxypimeloyl-CoA",13,0,136,72,235,65,178,55,164,167,88,205,227,19,58,45,755,63,20,205,123,225,178,305,167,179,72,135,20,16,129,259,276
"M00542  EHEC/EPEC pathogenicity signature, T3SS and effectors",0,3,42,32,148,34,230,59,198,179,20,32,74,23,98,26,155,31,16,44,26,381,96,277,133,128,132,71,1,16,131,232,300
"M00543  Biphenyl degradation, biphenyl => 2-oxopent-4-enoate + benzoate",5,1,9,5,6,0,2,0,1,9,4,18,4,0,14,3,5,3,0,7,7,14,8,0,1,0,1,2,0,0,0,0,3
"M00545  Trans-cinnamate degradation, trans-cinnamate => acetyl-CoA",654,25,2448,644,26,56,191,45,2725,3257,41,90,63,210,47,1142,21439,52,26,36,388,1665,81,47,672,188,824,137,18,14,9,15,60
"M00546  Purine degradation, xanthine => urea",197,75,2018,875,1139,409,899,259,2356,2758,934,1560,859,823,1098,740,12042,314,172,1180,927,2761,982,1044,1725,505,1409,526,143,177,268,479,671
"M00547  Benzene/toluene degradation, benzene => catechol / toluene => 3-methylcatechol",7,5,0,0,0,0,0,0,0,0,7,1,2,7,0,9,0,0,0,1,0,1,0,0,0,0,0,0,1,3,0,0,0
"M00548  Benzene degradation, benzene => catechol",0,0,0,0,0,0,1,0,0,0,0,0,0,0,0,0,0,0,0,0,0,0,0,0,0,0,0,0,0,0,0,0,0
"M00549  Nucleotide sugar biosynthesis, glucose => UDP-glucose",2014,593,3382,3090,4963,1813,3916,1693,8733,9820,1804,7702,4587,5607,4581,2408,31241,1641,1300,5713,1679,7074,4655,7243,5256,5291,2367,5111,368,875,2379,4761,5230
"M00550  Ascorbate degradation, ascorbate => D-xylulose-5P",2332,243,4121,2408,2143,819,1195,607,4516,5065,2369,7439,3042,6118,2059,2266,29319,722,808,2666,1709,3873,4374,3901,3014,2784,2458,1530,184,368,1186,2265,2634
"M00551  Benzoate degradation, benzoate => catechol / methylbenzoate => methylcatechol",78,25,0,1,2,0,1,2,6,19,40,9,6,9,3,86,45,0,0,0,0,3,1,0,1,0,2,0,1,5,0,0,0
"M00552  D-galactonate degradation, De Ley-Doudoroff pathway, D-galactonate => glycerate-3P",5477,819,6335,6105,12003,4804,11685,5114,14197,17367,3813,11195,10565,7954,9315,5135,55781,4227,3536,12142,3773,14176,11870,17476,12113,12558,4219,9223,932,1734,5268,10717,11860
"M00554  Nucleotide sugar biosynthesis, galactose => UDP-galactose",1607,405,3404,2439,6317,2102,3216,1849,10673,12433,2427,8129,6920,4316,6935,1609,26377,1490,1351,6027,2146,9243,5719,10273,5596,5249,2157,5006,321,562,2609,5374,7295
"M00555  Betaine biosynthesis, choline => betaine",675,259,961,319,194,81,271,98,1243,1485,626,275,263,344,161,934,8646,97,41,299,305,1002,241,211,430,249,264,169,67,147,62,153,144
"M00563  Methanogenesis, methylamine/dimethylamine/trimethylamine => methane",298,3,2554,988,1674,528,2163,384,784,741,660,1410,1232,397,1021,293,2444,3697,973,1405,577,1486,1050,1499,2723,847,322,927,74,156,456,890,1524
"M00564  Helicobacter pylori pathogenicity signature, cagA pathogenicity island",49,3,47,33,97,36,114,41,83,62,102,119,122,38,89,10,1754,31,7,117,29,161,73,245,98,90,71,125,10,29,57,159,314
"M00565  Trehalose biosynthesis, D-glucose 1P => trehalose",3364,507,10468,8516,26231,8476,18442,6979,17294,19554,8494,17604,25718,5068,10956,4314,92069,6916,4651,27426,7688,25526,20910,35502,21354,22437,6779,19657,1797,2726,11295,23653,29804
"M00567  Methanogenesis, CO2 => methane",22,2,4546,1314,1316,397,3194,464,552,554,529,1055,943,171,766,116,1110,6886,1420,1099,465,1174,574,1326,3998,845,39,709,65,187,416,793,1345
"M00568  Catechol ortho-cleavage, catechol => 3-oxoadipate",128,48,0,1,1,0,1,2,56,45,43,1,12,1,26,114,10,0,1,1,0,3,0,0,0,0,3,0,9,20,0,0,0
"M00569  Catechol meta-cleavage, catechol => acetyl-CoA / 4-methylcatechol => propanoyl-CoA",337,42,821,266,68,59,172,84,1200,1475,42,290,91,318,255,551,6127,39,88,135,223,757,134,54,364,83,363,77,6,20,19,29,53
"M00570  Isoleucine biosynthesis, threonine => 2-oxobutanoate => isoleucine",10616,1077,14609,11661,27757,9310,17569,8374,23744,27381,9589,24584,25787,10288,16046,10689,160961,9232,7323,29548,9332,35442,28035,41082,26318,29478,9962,21655,1603,3027,13501,26419,27961
"M00572  Pimeloyl-ACP biosynthesis, BioC-BioH pathway, malonyl-ACP => pimeloyl-ACP",6808,761,6830,4388,11654,3763,8063,3781,27979,34553,3709,10873,9059,7589,8763,4874,43895,2881,3485,10446,3826,10125,12735,14739,9594,10179,4528,8829,526,1146,4655,9503,11764
"M00573  Biotin biosynthesis, BioI pathway, long-chain-acyl-ACP => pimeloyl-ACP => biotin",6939,385,4450,1162,4764,1787,2995,1132,3313,4090,1868,2417,3168,2893,6055,4046,35016,1734,2552,4361,2819,4546,8743,4493,4969,3384,2805,2778,432,1057,1364,2859,4215
"M00575  Pertussis pathogenicity signature, T1SS",165,24,399,160,51,19,199,42,429,511,210,66,55,90,40,258,3158,18,13,30,105,412,68,37,143,53,107,63,2,10,15,17,68
"M00576  ETEC pathogenicity signature, heat-labile and heat-stable enterotoxins",0,0,0,0,0,0,0,0,0,0,0,0,0,0,0,0,0,0,0,0,0,0,0,0,0,14,0,0,0,0,0,0,0
"M00577  Biotin biosynthesis, BioW pathway, pimelate => pimeloyl-CoA => biotin",6941,540,4461,1172,4790,1820,3043,1150,3372,4146,1882,2538,3201,3004,6061,4225,35669,1744,2567,4518,2841,4611,8824,4618,4978,3447,2818,2845,514,1377,1382,2905,4249
"M00579  Phosphate acetyltransferase-acetate kinase pathway, acetyl-CoA => acetate",4606,440,5446,4216,8672,3122,7871,3804,13333,15881,2969,8942,8594,5241,8795,3662,47707,3000,2441,9118,2956,11404,9648,13385,9826,9737,3224,7297,472,1199,4163,8607,9226
"M00580  Pentose phosphate pathway, archaea, fructose 6P => ribose 5P",623,244,1579,860,517,157,369,139,2799,3326,229,1634,1277,1442,1947,646,10678,781,351,538,195,1552,1492,406,1568,283,311,205,33,180,103,346,246
"M00596  Dissimilatory sulfate reduction, sulfate => H2S",4150,107,2698,672,4082,1365,2025,967,2375,2827,1388,2036,3167,1227,3873,1550,17834,980,1683,2391,2288,3525,5431,2045,3188,2575,1065,2948,78,449,1305,3262,4435
M00597  Anoxygenic photosystem II,0,2,0,0,0,0,0,0,0,0,0,0,0,4,0,0,0,0,0,0,0,0,0,0,0,0,0,0,0,0,0,0,0
"M00608  2-Oxocarboxylic acid chain extension, 2-oxoglutarate => 2-oxoadipate => 2-oxopimelate => 2-oxosuberate",14,0,82,33,43,17,54,11,11,29,29,61,45,21,14,6,153,111,28,61,18,65,48,42,90,21,10,23,0,12,12,17,32
"M00609  Cysteine biosynthesis, methionine => cysteine",4160,676,5622,4682,12153,4244,9212,4427,12249,14673,3755,10403,11085,6565,8421,3521,49491,3698,2687,11531,3510,12984,10411,16424,10045,11393,3699,9025,865,1371,4917,10172,11974
M00615  Nitrate assimilation,272,29,436,171,14,14,71,37,651,732,353,95,67,74,60,508,5025,5,15,34,123,418,63,69,163,68,129,21,13,25,7,20,20
M00616  Sulfate-sulfur assimilation,734,127,2265,1103,4701,1309,1336,514,3468,4176,1829,3972,3556,881,1271,1150,16671,701,425,3069,1640,4107,2571,2771,2096,2714,680,3901,111,205,1516,3530,4316
"M00620  Incomplete reductive citrate cycle, acetyl-CoA => oxoglutarate",6054,761,5021,2563,4891,2036,5162,1548,3976,4830,1588,2835,4154,3410,6657,3403,34823,4436,2929,3854,2245,4310,9214,4686,6882,4030,2095,3546,657,1655,1740,3542,4320
"M00622  Nicotinate degradation, nicotinate => fumarate",15,3,11,14,7,0,1,0,5,6,5,93,10,48,1,8,44,6,0,6,14,12,16,7,9,1,5,2,4,0,1,1,4
"M00623  Phthalate degradation, phthalate => protocatechuate",0,4,2,13,25,12,22,4,21,15,2,4,6,1,6,2,96,10,0,46,5,41,20,18,23,42,0,67,0,6,10,29,28
M00625  Methicillin resistance,3,6,108,48,206,80,143,30,136,134,69,276,327,156,239,11,812,48,16,251,102,153,120,446,150,91,50,65,9,17,80,171,351
"M00627  beta-Lactam resistance, Bla system",7,7,14,0,19,8,3,0,8,13,0,78,9,12,5,0,26,1,1,145,3,25,29,3,7,28,0,0,2,14,1,17,11
"M00630  D-Galacturonate degradation (fungi), D-galacturonate => glycerol",0,0,0,3,9,1,5,0,103,123,1,1,2,1,15,5,18,1,1,0,0,4,8,0,4,0,0,2,0,0,0,1,1
"M00631  D-Galacturonate degradation (bacteria), D-galacturonate => pyruvate + D-glyceraldehyde 3P",7620,442,5140,3166,5637,2309,4522,2477,5100,5798,2895,10003,3880,6928,7716,3702,27861,2459,2854,7112,3428,9058,9616,11834,6890,11026,5044,5152,415,997,3871,7507,7196
"M00632  Galactose degradation, Leloir pathway, galactose => alpha-D-glucose-1P",5722,708,8135,5553,12885,4862,9192,4474,18865,21892,4653,14061,13355,9048,14210,4478,60641,4163,3734,14012,4366,19678,15338,20478,13078,12389,4324,10848,754,1448,5736,11780,14394
"M00633  Semi-phosphorylative Entner-Doudoroff pathway, gluconate/galactonate => glycerate-3P",3,12,24,31,98,54,10,16,138,145,66,48,22,14,93,17,97,8,86,369,46,661,31,343,317,43,50,3,3,10,11,20,16
"M00637  Anthranilate degradation, anthranilate => catechol",1,36,0,0,0,0,0,0,0,1,0,4,0,4,0,1,0,0,0,0,0,0,0,0,0,0,0,0,1,0,0,0,0
"M00638  Salicylate degradation, salicylate => gentisate",0,1,0,0,0,0,0,0,0,0,5,0,1,0,0,0,0,0,2,0,0,0,0,0,0,0,0,0,0,0,0,0,0
"M00639  Multidrug resistance, efflux pump MexCD-OprJ",29,0,38,5,8,12,6,2,16,22,21,2,5,18,31,47,49,6,12,44,10,29,42,5,16,20,10,0,0,9,1,3,5
"M00642  Multidrug resistance, efflux pump MexJK-OprM",285,16,186,35,57,35,92,22,66,77,55,23,36,51,274,189,510,53,80,27,89,112,237,53,133,45,55,9,13,25,8,15,48
"M00643  Multidrug resistance, efflux pump MexXY-OprM",285,16,186,35,57,35,92,22,66,77,55,23,36,51,274,189,510,53,80,27,89,112,237,53,133,45,55,9,13,25,8,15,48
"M00651  Vancomycin resistance, D-Ala-D-Lac type",231,6,399,515,797,310,892,235,494,587,211,1215,722,562,287,290,2758,291,222,730,142,668,487,1789,1007,748,394,352,67,77,437,829,1186
"M00652  Vancomycin resistance, D-Ala-D-Ser type",0,0,0,1,16,7,7,1,0,2,1,4,1,3,1,4,1,7,0,1,0,2,1,23,3,0,5,4,1,2,0,2,4
"M00660  Xanthomonas spp. pathogenicity signature, T3SS and effectors",0,0,43,32,149,33,221,59,167,162,20,32,78,22,98,26,155,31,16,45,26,338,98,278,126,128,130,70,1,20,131,232,303
M00664  Nodulation,227,8,95,79,313,96,181,61,153,156,90,247,215,181,139,113,659,81,83,185,95,236,310,277,246,176,74,131,10,27,104,212,262
"M00672  Penicillin biosynthesis, aminoadipate + cycteine + valine => penicillin",10,1,14,11,17,2,0,3,5,1,4,26,8,11,19,3,23,3,5,26,0,36,27,9,10,3,7,3,1,2,0,2,16
"M00673  Cephamycin C biosynthesis, aminoadipate + cycteine + valine => cephamycin C",10,1,7,5,17,2,0,3,5,1,4,17,8,8,18,3,23,3,5,26,0,36,26,9,9,3,7,3,1,2,0,2,16
"M00696  Multidrug resistance, efflux pump AcrEF-TolC",447,30,740,211,66,81,107,28,721,873,326,42,77,168,396,503,5998,51,105,47,228,707,390,42,311,112,234,37,7,36,6,21,95
"M00697  Multidrug resistance, efflux pump MdtEF-TolC",828,33,1228,378,248,139,261,140,1097,1420,524,77,153,328,517,864,9990,137,239,207,376,1211,770,170,590,356,356,139,21,63,81,125,196
"M00700  Multidrug resistance, efflux pump AbcA",28,41,189,246,139,39,50,34,817,1069,41,193,333,137,183,65,2056,72,24,173,6,150,92,130,496,122,39,43,23,76,37,146,70
"M00702  Multidrug resistance, efflux pump NorB",98,54,55,222,155,114,29,20,311,341,50,151,191,139,67,72,1800,60,8,124,2,192,147,88,75,217,8,34,27,105,42,191,44
"M00704  Tetracycline resistance, efflux pump Tet38",2,24,6,970,12,1,3,3,10,4,36,9,7,52,7,6,24,3,0,21,102,16,11,1,39,9,81,3,17,44,1,8,22
"M00705  Multidrug resistance, efflux pump MepA",17,0,10,23,10,9,20,5,23,25,3,81,44,49,2,20,12,22,11,19,2,35,11,19,25,11,10,13,1,23,10,24,15
"M00714  Multidrug resistance, efflux pump QacA",88,29,38,19,7,6,5,3,15,33,42,29,17,44,5,104,77,5,0,12,1,11,9,9,8,6,44,4,1,9,6,7,3
"M00718  Multidrug resistance, efflux pump MexAB-OprM",6171,177,4809,1169,1715,975,1603,811,3419,3858,1789,501,1003,2436,5501,4180,33043,1029,1840,1036,1917,3783,6683,1576,3315,1967,1565,942,187,415,521,929,1573
"M00725  Cationic antimicrobial peptide (CAMP) resistance, dltABCD operon",454,334,1827,1200,1866,584,838,433,6333,7467,628,5076,2076,3900,3674,681,3592,292,621,2065,458,3338,1161,1300,2357,910,943,1014,88,284,507,1091,1528
"M00726  Cationic antimicrobial peptide (CAMP) resistance, lysyl-phosphatidylglycerol (L-PG) synthase MprF",279,110,577,537,844,295,567,163,830,904,391,2196,832,1381,657,189,2138,257,170,900,259,865,767,1064,803,702,449,673,62,169,412,928,1238
"M00730  Cationic antimicrobial peptide (CAMP) resistance, VraFG transporter",219,29,418,356,782,275,556,146,545,580,371,1550,790,736,415,134,2099,248,155,807,204,709,761,1062,720,694,427,653,51,141,409,922,1234
"M00736  Nocardicin A biosynthesis, L-pHPG + arginine + serine => nocardicin A",0,0,0,0,0,0,0,0,0,0,0,0,0,0,0,0,0,0,0,1,0,0,0,0,0,0,0,0,0,0,0,0,0
M00740  Methylaspartate cycle,7971,1298,7578,5919,12220,5046,10603,4764,10311,12037,4609,8258,12550,5032,9119,4945,87551,3837,3963,12920,5138,17030,16141,17543,13383,14041,5268,10066,1293,2915,6205,12378,13497
"M00741  Propanoyl-CoA metabolism, propanoyl-CoA => succinyl-CoA",12473,542,4632,1784,4718,2549,4718,2276,3073,4020,1080,2612,2910,4916,9656,5974,57310,2638,4351,3328,2701,4056,12955,5630,6757,4764,3477,2356,494,1705,1497,2841,4056
"M00744  Cationic antimicrobial peptide (CAMP) resistance, protease PgtE",211,19,397,182,52,36,97,40,508,579,297,124,159,63,83,312,3855,18,27,86,109,389,153,92,129,121,188,71,11,26,46,110,104
"M00745  Imipenem resistance, repression of porin OprD",692,35,648,220,247,96,205,65,932,1171,340,278,254,174,220,434,4712,79,101,166,188,615,370,365,402,139,237,160,24,48,56,191,247
"M00746  Multidrug resistance, repression of porin OmpF",74,6,122,30,2,1,4,4,129,153,80,30,8,23,7,83,1525,0,1,0,52,117,20,3,47,8,41,3,4,6,1,0,2
"M00761  Undecaprenylphosphate alpha-L-Ara4N biosynthesis, UDP-GlcA => undecaprenyl phosphate alpha-L-Ara4N",1157,98,1615,589,745,336,856,452,1714,2052,977,774,596,612,703,1292,13231,324,405,521,578,1628,1031,1412,1183,817,638,617,70,120,229,493,1077
"M00763  Ornithine biosynthesis, mediated by LysW, glutamate => ornithine",3,2,17,25,37,22,45,14,44,49,8,14,65,18,16,18,434,28,6,99,4,97,75,40,40,45,2,34,7,5,15,36,22
"M00769  Multidrug resistance, efflux pump MexPQ-OpmE",68,19,124,88,84,26,79,15,284,253,120,220,109,191,80,108,1233,21,25,88,29,147,57,131,106,72,116,42,19,15,68,68,131
"M00773  Tylosin biosynthesis, methylmalonyl-CoA + malonyl-CoA => tylactone => tylosin",0,0,2,0,6,1,2,1,0,1,0,0,0,0,0,0,0,0,0,2,0,0,0,1,0,0,0,1,1,2,0,1,1
"M00775  Oleandomycin biosynthesis, malonyl-CoA + methylmalonyl-CoA => 8,8a-deoxyoleandolide => oleandomycin",0,0,0,1,1,1,0,0,0,0,0,0,0,1,0,0,0,0,0,3,0,0,0,2,2,0,2,0,0,0,0,0,1
"M00776  Pikromycin/methymycin biosynthesis, methylmalonyl-CoA + malonyl-CoA => narbonolide/10-deoxymethynolide => pikromycin/methymycin",1,0,5,1,9,2,1,2,2,1,0,0,3,0,1,0,13,0,0,1,0,4,1,12,4,3,1,2,0,0,2,1,3
"M00778  Type II polyketide backbone biosynthesis, acyl-CoA + malonyl-CoA => polyketide",4,0,14,5,14,12,16,2,11,10,6,47,12,6,3,3,41,2,2,4,10,7,18,10,8,3,16,1,0,0,0,1,5
"M00781  Nogalavinone/aklavinone biosynthesis, deoxynogalonate/deoxyaklanonate => nogalavinone/aklavinone",7,0,19,26,10,6,1,0,20,25,9,61,20,112,0,6,107,9,0,9,13,13,95,4,4,12,9,11,1,1,2,8,15
"M00784  Elloramycin biosynthesis, 8-demethyltetracenomycin C => elloramycin A",3,0,0,2,0,0,0,0,15,15,9,0,0,0,0,0,37,0,0,0,0,0,0,0,15,4,3,0,0,1,0,0,0
"M00785  Cycloserine biosynthesis, arginine/serine => cycloserine",8,0,1,3,1,0,2,0,2,0,0,0,2,0,1,11,25,9,7,0,0,6,7,23,15,1,8,0,0,1,0,2,0
"M00786  Fumitremorgin alkaloid biosynthesis, tryptophan + proline => fumitremorgin C/A",2,0,4,3,15,5,4,2,3,4,11,31,9,7,5,3,10,5,6,35,3,19,16,9,5,8,5,11,0,3,3,10,12
"M00787  Bacilysin biosynthesis, prephenate => bacilysin",22,4,21,18,44,10,29,15,94,116,8,6,17,16,38,5,71,10,16,31,6,48,23,106,39,19,12,5,0,0,1,13,6
"M00789  Rebeccamycin biosynthesis, tryptophan => rebeccamycin",0,0,0,0,0,1,2,1,0,2,0,2,1,0,0,0,3,0,0,3,2,0,0,0,2,0,0,0,5,4,0,0,0
"M00790  Pyrrolnitrin biosynthesis, tryptophan => pyrrolnitrin",0,0,0,0,0,0,0,0,0,0,0,0,0,0,0,0,0,0,0,0,0,0,0,0,0,0,0,0,5,4,0,0,0
M00793  dTDP-L-rhamnose biosynthesis,6474,207,6008,4067,9908,3941,8792,4573,11292,13498,3080,9656,11834,7571,11792,4622,72664,3994,3661,10061,3440,13211,15345,15616,11760,17969,3542,9959,680,1266,6829,14362,10108
M00794  dTDP-6-deoxy-D-allose biosynthesis,0,0,0,0,0,0,0,0,0,2,0,0,0,0,0,0,0,0,0,0,0,0,3,2,8,0,0,0,0,0,0,1,1
M00795  dTDP-beta-L-noviose biosynthesis,0,1,9,13,25,2,17,4,18,49,7,2,65,21,12,8,790,11,5,56,9,100,83,10,15,21,1,9,4,10,5,18,23
M00797  dTDP-D-desosamine biosynthesis,99,1,26,34,108,48,120,74,78,78,26,37,40,38,9,31,232,30,48,54,9,34,102,274,127,113,15,31,2,11,21,31,84
M00800  dTDP-L-megosamine biosynthesis,0,0,1,0,3,1,6,1,0,0,3,1,1,18,0,0,5,3,0,0,0,2,3,2,4,0,3,4,0,0,0,1,6
M00803  dTDP-D-angolosamine biosynthesis,0,0,1,0,3,1,6,1,0,0,3,1,1,18,0,0,5,3,0,0,0,2,3,2,4,0,3,4,0,0,0,1,6
"M00804  Complete nitrification, comammox, ammonia => nitrite => nitrate",1034,855,1844,648,69,74,336,135,2704,3292,1370,506,439,592,1158,2695,21323,58,96,520,493,1969,362,845,1276,413,618,102,290,694,32,93,116
"M00810  Nicotine degradation, pyridine pathway, nicotine => 2,6-dihydroxypyridine/succinate semialdehyde",0,1,7,8,5,3,15,2,3,5,8,13,20,15,2,2,55,4,0,14,2,0,11,88,19,8,1,19,3,3,2,4,17
"M00811  Nicotine degradation, pyrrolidine pathway, nicotine => succinate semialdehyde",0,0,4,2,1,1,0,0,0,0,0,4,1,5,0,0,0,1,0,2,0,0,2,1,2,0,7,0,1,3,1,1,0
"M00814  Acarbose biosynthesis, sedoheptulopyranose-7P => acarbose",5,0,1,0,0,0,5,1,1,0,0,0,0,0,7,4,0,1,3,1,0,1,7,2,2,1,0,0,0,0,0,0,0
"M00815  Validamycin A biosynthesis, sedoheptulopyranose-7P => validamycin A",5,0,1,0,0,0,5,1,1,0,0,0,0,0,7,4,0,1,3,1,0,1,7,2,2,1,0,0,0,0,0,0,0
"M00819  Pentalenolactone biosynthesis, farnesyl-PP => pentalenolactone",0,0,0,0,0,0,0,0,0,0,0,0,0,0,0,0,0,0,0,0,0,0,0,0,0,0,0,1,0,0,0,0,0
"M00826  C-1027 benzoxazolinate moiety biosynthesis, chorismate => benzoxazolinyl-CoA",0,0,0,0,3,1,0,0,0,0,0,0,0,0,0,0,0,1,0,0,0,2,0,0,0,0,0,0,0,0,0,0,0
"M00829  3,6-Dimethylsalicylyl-CoA biosynthesis, malonyl-CoA => 6-methylsalicylate => 3,6-dimethylsalicylyl-CoA",0,1,4,0,0,0,0,0,0,0,0,18,0,1,0,0,0,0,0,0,1,0,0,1,0,0,64,0,0,0,1,1,0
"M00830  Neocarzinostatin naphthoate moiety biosynthesis, malonyl-CoA => 2-hydroxy-5-methyl-1-naphthoate => 2-hydroxy-7-methoxy-5-methyl-1-naphthoyl-CoA",1,0,2,2,7,5,5,7,11,11,16,3,56,13,34,3,183,0,1,1,1,90,54,7,6,1,6,4,2,3,1,3,7
"M00835  Pyocyanine biosynthesis, chorismate => pyocyanine",0,2,1,2,5,0,2,0,0,0,1,1,1,3,5,2,2,3,0,0,0,3,4,0,0,0,4,0,0,0,0,0,0
"M00836  Coenzyme F430 biosynthesis, sirohydrochlorin => coenzyme F430",0,0,316,86,7,4,152,21,6,9,3,4,22,1,1,1,59,438,61,5,0,8,3,48,235,21,0,4,0,4,10,14,28
"M00837  Prodigiosin biosynthesis, L-proline => prodigiosin",2,2,6,5,26,5,5,3,3,8,0,8,9,19,0,9,83,4,2,3,0,2,6,13,10,10,18,2,0,2,14,13,8
"M00838  Undecylprodigiosin biosynthesis, L-proline => undecylprodigiosin",2,2,2,5,15,5,2,3,1,4,0,7,7,13,0,9,76,3,2,1,0,2,6,8,5,6,13,1,0,2,10,10,2
"M00840  Tetrahydrofolate biosynthesis, mediated by ribA and trpF, GTP => THF",3222,369,2214,1070,3705,1454,3198,1871,3648,4164,1017,1962,3297,2285,3683,1723,16947,1202,1448,3259,1445,4104,6489,5383,3393,5353,941,3191,205,656,2165,4469,4367
"M00841  Tetrahydrofolate biosynthesis, mediated by PTPS, GTP => THF",2408,417,2391,1842,4356,1602,3745,1806,4769,5672,1504,2475,4267,1762,3169,1852,29836,1405,1165,4245,1763,6832,5003,5404,4780,4289,940,3262,294,721,1866,3777,3700
"M00842  Tetrahydrobiopterin biosynthesis, GTP => BH4",1369,178,1141,895,1892,749,1904,983,2188,2677,619,896,2048,739,1708,918,14716,770,655,1732,768,2876,2470,2717,2340,2179,431,1641,129,323,903,1857,1639
"M00843  L-threo-Tetrahydrobiopterin biosynthesis, GTP => L-threo-BH4",1377,178,1141,895,1892,749,1904,983,2189,2678,619,897,2048,739,1708,918,14719,770,655,1732,768,2876,2470,2717,2343,2179,432,1641,129,323,903,1857,1639
"M00844  Arginine biosynthesis, ornithine => arginine",3997,1230,7788,7139,17515,5975,11991,4731,16600,20167,5085,13075,15461,5920,9521,4585,73991,5499,3889,19113,4688,21082,16925,24322,14976,17121,5213,13582,1159,2551,7534,15137,17638
"M00845  Arginine biosynthesis, glutamate => acetylcitrulline => arginine",6671,1243,9224,7311,20472,7041,14201,5900,17213,20571,6025,12654,18260,5594,12296,5742,94497,6437,4950,21186,5800,23840,20302,28439,17190,21164,6047,16650,1214,2644,9213,18678,20471
"M00846  Siroheme biosynthesis, glutamate => siroheme",4716,1061,7847,5670,14909,5237,10174,4188,17122,21120,5035,10642,12657,4248,6845,5656,65699,5594,2941,12202,4426,13377,13526,15444,9923,14179,4276,11856,1262,2604,6594,13539,14263
"M00848  Aurachin biosynthesis, anthranilate => aurachin A",648,110,602,460,1261,477,972,539,2562,3085,375,1245,1066,941,1243,451,3864,385,396,1284,457,1232,1300,1911,1113,1432,303,1073,50,130,588,1195,1623
"M00849  C5 isoprenoid biosynthesis, mevalonate pathway, archaea",739,423,2655,1619,2551,668,2393,749,6741,7902,923,4153,2030,3312,2456,1052,7950,1606,739,2600,1367,3607,1552,2519,3307,1727,752,1558,209,460,904,2062,2348
"M00850  Vibrio cholerae pathogenicity signature, cholera toxins",0,0,0,0,0,0,0,0,0,0,0,0,0,0,0,0,0,0,0,0,0,0,0,0,0,14,0,0,0,0,0,0,0
M00851  Carbapenem resistance,72,37,3,1,2,1,1,0,1,3,74,7,0,50,4,0,0,0,0,6,0,2,0,0,2,1,0,0,0,0,1,1,2
"M00852  Vibrio cholerae pathogenicity signature, toxin coregulated pilus",14,0,1,5,40,4,12,5,8,15,5,2,38,4,2,11,155,2,2,4,0,1,0,44,20,13,4,11,1,0,20,40,50
"M00854  Glycogen biosynthesis, glucose-1P => glycogen/starch",3722,655,11198,9078,26708,8773,18903,7225,20141,22917,8552,19139,25287,7885,12245,5146,91531,7300,4967,28594,7832,27116,20967,35628,22719,23078,6785,20253,1820,2812,11334,23635,29323
"M00855  Glycogen degradation, glycogen => glucose-6P",6703,791,10500,9201,22615,7530,17124,7240,20296,22288,8168,17523,22846,6448,12950,7041,129364,6290,5170,23890,7519,28532,21387,34723,20328,21904,7900,19722,1423,2830,10918,22051,26563
"M00859  Bacillus anthracis pathogenicity signature, anthrax toxin",0,5,0,0,10,1,139,4,2,3,3,0,12,0,3,0,0,3,2,12,0,3,9,40,0,67,1,27,0,2,1,3,54
"M00860  Bacillus anthracis pathogenicity signature, polyglutamic acid capsule biosynthesis",37,17,87,69,190,82,278,67,399,415,83,115,121,44,104,50,328,98,38,265,85,109,57,397,230,140,24,115,9,43,82,187,198
"M00861  beta-Oxidation, peroxisome, VLCFA",4,26,55,21,22,3,33,5,16,44,4,46,14,40,27,15,87,42,14,15,40,31,19,18,59,13,10,31,11,27,15,4,5
"M00862  beta-Oxidation, peroxisome, tri/dihydroxycholestanoyl-CoA => choloyl/chenodeoxycholoyl-CoA",1,17,42,19,6,0,28,1,11,9,0,9,3,9,5,6,76,41,11,6,3,14,14,9,44,4,0,24,8,22,10,3,2
"M00866  KDO2-lipid A biosynthesis, Raetz pathway, non-LpxL-LpxM type",8741,205,4444,1179,2577,2155,4909,3749,3346,4143,1635,828,1211,2864,6206,4975,40362,1517,2954,2678,2506,3939,9120,6172,4565,8652,2233,3281,152,613,2413,4648,3327
M00867  KDO2-lipid A modification pathway,168,21,477,140,22,21,67,53,499,617,221,11,47,86,52,267,4235,23,17,9,106,445,107,66,120,136,142,59,3,7,23,48,53
"M00868  Heme biosynthesis, animals and fungi, glycine => heme",1030,613,2807,1319,3612,1148,1605,669,7469,9426,1728,3221,2795,1092,1364,2209,18674,1123,591,2909,1196,4278,2662,2448,2558,2383,1380,2583,402,863,1276,2648,3056
"M00872  O-glycan biosynthesis, mannose type (core M3)",32,61,24,15,17,8,88,40,35,29,3,10,14,67,1,4,49,30,11,36,11,26,40,114,68,72,4,41,21,71,34,54,38
"M00873  Fatty acid biosynthesis in mitochondria, animals",3127,271,2957,1960,5940,1980,4323,2176,9424,11043,1907,5338,4523,3498,3953,2315,20731,1466,1761,5874,1905,5156,6375,8919,4586,6069,2455,5426,285,602,2685,5350,6291
"M00874  Fatty acid biosynthesis in mitochondria, fungi",5085,495,5047,3519,10403,3556,7512,3616,14757,17586,3171,9181,8334,5708,6442,3725,34474,2626,2903,9699,3239,8910,11127,14400,8136,9915,4137,8741,508,1046,4492,9121,11109
"M00875  Staphyloferrin B biosynthesis, L-serine => staphyloferrin B",0,3,2,10,0,2,6,0,0,2,16,13,3,5,5,2,4,8,0,4,0,1,16,2,4,15,1,6,1,1,8,14,2
"M00876  Staphyloferrin A biosynthesis, L-ornithine => staphyloferrin A",0,11,22,43,112,32,256,51,17,10,10,34,19,39,2,0,14,19,18,8,5,29,98,46,46,10,45,9,7,23,3,6,16
"M00877  Kanosamine biosynthesis, glucose 6-phosphate => kanosamine",1,0,1,0,1,3,4,5,7,6,1,5,6,19,8,3,411,2,1,11,1,7,6,54,7,3,4,7,1,3,3,5,34
"M00878  Phenylacetate degradation, phenylaxetate => acetyl-CoA/succinyl-CoA",3094,180,1405,765,2159,866,1905,619,2577,3130,870,1753,1985,1691,1900,1870,20888,1320,1094,1608,912,1506,3486,2926,3027,1557,1251,1935,125,300,934,1809,2059
"M00879  Arginine succinyltransferase pathway, arginine => glutamate",1190,172,1528,593,998,306,605,171,1931,2226,1267,554,993,360,417,1667,13833,285,140,1067,538,1897,853,1001,908,822,522,935,67,117,388,811,935
"M00880  Molybdenum cofactor biosynthesis, GTP => molybdenum cofactor",728,511,2552,1395,3240,971,2170,898,3176,3430,1982,3862,3066,1173,2026,1353,18545,1397,349,4437,1626,5488,3051,5878,3224,2549,1352,1817,275,549,1281,2693,3549
Unassigned,1297930,246869,1700904,1176456,2241930,830320,1920433,865917,3235702,3785947,912196,2461133,2082724,1777224,2062339,1121884,14381370,779485,691316,2204335,860115,3029235,2475479,3277604,2435942,2289239,947156,1723292,203271,404564,990615,2032169,2261935
